 ,asrama,baik,air,kotor,fasilitas,rusak,dispenser,tingkat,minum,suplai,rutin,hari,tolong,bersih
IDF,0.510825623766,1.60943791243,0.510825623766,1.60943791243,0.510825623766,1.60943791243,1.60943791243,1.60943791243,1.60943791243,1.60943791243,1.60943791243,1.60943791243,1.60943791243,1.60943791243
